<assembly xmlns="http://maven.apache.org/plugins/maven-assembly-plugin/assembly/1.1.2" 
  xmlns:xsi="http://www.w3.org/2001/XMLSchema-instance"
  xsi:schemaLocation="http://maven.apache.org/plugins/maven-assembly-plugin/assembly/1.1.2 http://maven.apache.org/xsd/assembly-1.1.2.xsd">
  <id>zip</id>
  <formats>
    <format>zip</format>
  </formats>
  <fileSets>
    <fileSet>
      <directory>${project.basedir}</directory>
      <outputDirectory>/</outputDirectory>
      <useDefaultExcludes>true</useDefaultExcludes>
      <excludes>
        <exclude>**/*.log</exclude>
        <exclude>**/${project.build.directory}/**</exclude>
		<exclude>**/nb-configuration.xml</exclude>
		<exclude>**/install archetype.bat</exclude>
      </excludes>
    </fileSet>
	<fileSet>
		<directory>${project.build.directory}</directory>
		<outputDirectory>/</outputDirectory>
		<includes>
			<include>*.jar</include>
		</includes>
	</fileSet>
  </fileSets>
</assembly>